{"model": "RandomForest", "threshold": 0.43434343434343436, "metric": 0.8958312344620686}